<?xml version="1.0"?>
<assembly xmlns="http://maven.apache.org/plugins/maven-assembly-plugin/assembly/1.1.0"
  xmlns:xsi="http://www.w3.org/2001/XMLSchema-instance"
  xsi:schemaLocation="http://maven.apache.org/plugins/maven-assembly-plugin/assembly/1.1.0 http://maven.apache.org/xsd/assembly-1.1.0.xsd">

  <id>dist</id>

  <formats>
    <format>zip</format>
  </formats>

  <!-- Get rid of the "dist" in the artifactId -->
  <baseDirectory>jslint4java-${project.version}</baseDirectory>

  <fileSets>
    <fileSet>
      <directory>${basedir}/..</directory>
      <outputDirectory>/</outputDirectory>
      <includes>
        <include>README.markdown</include>
        <include>LICENCE.txt</include>
        <include>NEWS.markdown</include>
      </includes>
      <filtered>true</filtered>
    </fileSet>
    <fileSet>
      <directory>${basedir}/../target/site/apidocs</directory>
      <outputDirectory>/docs/apidocs</outputDirectory>
    </fileSet>
  </fileSets>

  <dependencySets>
    <dependencySet>
      <includes>
        <include>com.googlecode.jslint4java:jslint4java-ant:jar:shaded</include>
      </includes>
      <useProjectArtifact>false</useProjectArtifact>
      <!-- Map to a sensible name. -->
      <outputFileNameMapping>jslint4java-${artifact.version}.jar</outputFileNameMapping>
    </dependencySet>
    <dependencySet>
      <includes>
        <include>${project.groupId}:jslint4java-docs:zip</include>
      </includes>
      <unpack>true</unpack>
      <outputDirectory>docs</outputDirectory>
      <useProjectArtifact>false</useProjectArtifact>
    </dependencySet>
  </dependencySets>

</assembly>